x,y,z,type,volume,cycle entry,custom:GFP,custom:sample
-249.52373671227463,114.57124209842733,0.0,tumor
-232.6983156163662,114.57124209842733,0.0,tumor
-215.87289452045775,114.57124209842733,0.0,tumor
-199.04747342454928,114.57124209842733,0.0,tumor
-182.2220523286408,114.57124209842733,0.0,tumor
-165.39663123273237,114.57124209842733,0.0,tumor
-148.57121013682394,114.57124209842733,0.0,tumor
-257.9364472602289,129.14248419685467,0.0,tumor
-241.1110261643204,129.14248419685467,0.0,tumor
-224.28560506841197,129.14248419685467,0.0,tumor
-207.4601839725035,129.14248419685467,0.0,tumor
-190.63476287659506,129.14248419685467,0.0,tumor
-173.8093417806866,129.14248419685467,0.0,tumor
-156.98392068477816,129.14248419685467,0.0,tumor
-140.15849958886972,129.14248419685467,0.0,tumor
-266.3491578081831,143.71372629528202,0.0,tumor
-249.52373671227463,143.71372629528202,0.0,tumor
-232.6983156163662,143.71372629528202,0.0,tumor
-215.87289452045775,143.71372629528202,0.0,tumor
-199.04747342454928,143.71372629528202,0.0,tumor
-182.2220523286408,143.71372629528202,0.0,tumor
-165.39663123273237,143.71372629528202,0.0,tumor
-148.57121013682394,143.71372629528202,0.0,tumor
-131.74578904091547,143.71372629528202,0.0,tumor
-274.7618683561373,158.28496839370933,0.0,tumor
-257.9364472602289,158.28496839370933,0.0,tumor
-241.1110261643204,158.28496839370933,0.0,tumor
-224.28560506841197,158.28496839370933,0.0,tumor
-207.4601839725035,158.28496839370933,0.0,tumor
-190.63476287659506,158.28496839370933,0.0,tumor
-173.8093417806866,158.28496839370933,0.0,tumor
-156.98392068477816,158.28496839370933,0.0,tumor
-140.15849958886972,158.28496839370933,0.0,tumor
-123.33307849296123,158.28496839370933,0.0,tumor
-283.17457890409156,172.85621049213665,0.0,tumor
-266.3491578081831,172.85621049213665,0.0,tumor
-249.52373671227463,172.85621049213665,0.0,tumor
-232.6983156163662,172.85621049213665,0.0,tumor
-215.87289452045775,172.85621049213665,0.0,tumor
-199.04747342454928,172.85621049213665,0.0,tumor
-182.2220523286408,172.85621049213665,0.0,tumor
-165.39663123273237,172.85621049213665,0.0,tumor
-148.57121013682394,172.85621049213665,0.0,tumor
-131.74578904091547,172.85621049213665,0.0,tumor
-114.920367945007,172.85621049213665,0.0,tumor
-291.58728945204575,187.427452590564,0.0,tumor
-274.7618683561373,187.427452590564,0.0,tumor
-257.9364472602289,187.427452590564,0.0,tumor
-241.1110261643204,187.427452590564,0.0,tumor
-224.28560506841197,187.427452590564,0.0,tumor
-207.4601839725035,187.427452590564,0.0,tumor
-190.63476287659506,187.427452590564,0.0,tumor
-173.8093417806866,187.427452590564,0.0,tumor
-156.98392068477816,187.427452590564,0.0,tumor
-140.15849958886972,187.427452590564,0.0,tumor
-123.33307849296123,187.427452590564,0.0,tumor
-106.50765739705277,187.427452590564,0.0,tumor
-283.17457890409156,201.99869468899135,0.0,tumor
-266.3491578081831,201.99869468899135,0.0,tumor
-249.52373671227463,201.99869468899135,0.0,tumor
-232.6983156163662,201.99869468899135,0.0,tumor
-215.87289452045775,201.99869468899135,0.0,tumor
-199.04747342454928,201.99869468899135,0.0,tumor
-182.2220523286408,201.99869468899135,0.0,tumor
-165.39663123273237,201.99869468899135,0.0,tumor
-148.57121013682394,201.99869468899135,0.0,tumor
-131.74578904091547,201.99869468899135,0.0,tumor
-114.920367945007,201.99869468899135,0.0,tumor
-291.58728945204575,216.56993678741867,0.0,tumor
-274.7618683561373,216.56993678741867,0.0,tumor
-257.9364472602289,216.56993678741867,0.0,tumor
-241.1110261643204,216.56993678741867,0.0,tumor
-224.28560506841197,216.56993678741867,0.0,tumor
-207.4601839725035,216.56993678741867,0.0,tumor
-190.63476287659506,216.56993678741867,0.0,tumor
-173.8093417806866,216.56993678741867,0.0,tumor
-156.98392068477816,216.56993678741867,0.0,tumor
-140.15849958886972,216.56993678741867,0.0,tumor
-123.33307849296123,216.56993678741867,0.0,tumor
-106.50765739705277,216.56993678741867,0.0,tumor
-283.17457890409156,231.141178885846,0.0,tumor
-266.3491578081831,231.141178885846,0.0,tumor
-249.52373671227463,231.141178885846,0.0,tumor
-232.6983156163662,231.141178885846,0.0,tumor
-215.87289452045775,231.141178885846,0.0,tumor
-199.04747342454928,231.141178885846,0.0,tumor
-182.2220523286408,231.141178885846,0.0,tumor
-165.39663123273237,231.141178885846,0.0,tumor
-148.57121013682394,231.141178885846,0.0,tumor
-131.74578904091547,231.141178885846,0.0,tumor
-114.920367945007,231.141178885846,0.0,tumor
-274.7618683561373,245.71242098427334,0.0,tumor
-257.9364472602289,245.71242098427334,0.0,tumor
-241.1110261643204,245.71242098427334,0.0,tumor
-224.28560506841197,245.71242098427334,0.0,tumor
-207.4601839725035,245.71242098427334,0.0,tumor
-190.63476287659506,245.71242098427334,0.0,tumor
-173.8093417806866,245.71242098427334,0.0,tumor
-156.98392068477816,245.71242098427334,0.0,tumor
-140.15849958886972,245.71242098427334,0.0,tumor
-123.33307849296123,245.71242098427334,0.0,tumor
-266.3491578081831,260.2836630827007,0.0,tumor
-249.52373671227463,260.2836630827007,0.0,tumor
-232.6983156163662,260.2836630827007,0.0,tumor
-215.87289452045775,260.2836630827007,0.0,tumor
-199.04747342454928,260.2836630827007,0.0,tumor
-182.2220523286408,260.2836630827007,0.0,tumor
-165.39663123273237,260.2836630827007,0.0,tumor
-148.57121013682394,260.2836630827007,0.0,tumor
-131.74578904091547,260.2836630827007,0.0,tumor
-257.9364472602289,274.854905181128,0.0,tumor
-241.1110261643204,274.854905181128,0.0,tumor
-224.28560506841197,274.854905181128,0.0,tumor
-207.4601839725035,274.854905181128,0.0,tumor
-190.63476287659506,274.854905181128,0.0,tumor
-173.8093417806866,274.854905181128,0.0,tumor
-156.98392068477816,274.854905181128,0.0,tumor
-140.15849958886972,274.854905181128,0.0,tumor
-232.6983156163662,289.4261472795553,0.0,tumor
-215.87289452045775,289.4261472795553,0.0,tumor
-199.04747342454928,289.4261472795553,0.0,tumor
-182.2220523286408,289.4261472795553,0.0,tumor
-165.39663123273237,289.4261472795553,0.0,tumor
150.47626328772537,14.571242098427334,0.0,tumor
167.3016843836338,14.571242098427334,0.0,tumor
184.12710547954225,14.571242098427334,0.0,tumor
200.95252657545072,14.571242098427334,0.0,tumor
217.7779476713592,14.571242098427334,0.0,tumor
234.60336876726763,14.571242098427334,0.0,tumor
251.42878986317606,14.571242098427334,0.0,tumor
142.06355273977113,29.142484196854667,0.0,tumor
158.8889738356796,29.142484196854667,0.0,tumor
175.71439493158803,29.142484196854667,0.0,tumor
192.5398160274965,29.142484196854667,0.0,tumor
209.36523712340494,29.142484196854667,0.0,tumor
226.1906582193134,29.142484196854667,0.0,tumor
243.01607931522184,29.142484196854667,0.0,tumor
259.8415004111303,29.142484196854667,0.0,tumor
133.6508421918169,43.713726295282,0.0,tumor
150.47626328772537,43.713726295282,0.0,tumor
167.3016843836338,43.713726295282,0.0,tumor
184.12710547954225,43.713726295282,0.0,tumor
200.95252657545072,43.713726295282,0.0,tumor
217.7779476713592,43.713726295282,0.0,tumor
234.60336876726763,43.713726295282,0.0,tumor
251.42878986317606,43.713726295282,0.0,tumor
268.2542109590845,43.713726295282,0.0,tumor
125.23813164386269,58.284968393709335,0.0,tumor
142.06355273977113,58.284968393709335,0.0,tumor
158.8889738356796,58.284968393709335,0.0,tumor
175.71439493158803,58.284968393709335,0.0,tumor
192.5398160274965,58.284968393709335,0.0,tumor
209.36523712340494,58.284968393709335,0.0,tumor
226.1906582193134,58.284968393709335,0.0,tumor
243.01607931522184,58.284968393709335,0.0,tumor
259.8415004111303,58.284968393709335,0.0,tumor
276.66692150703875,58.284968393709335,0.0,tumor
116.82542109590845,72.85621049213667,0.0,tumor
133.6508421918169,72.85621049213667,0.0,tumor
150.47626328772537,72.85621049213667,0.0,tumor
167.3016843836338,72.85621049213667,0.0,tumor
184.12710547954225,72.85621049213667,0.0,tumor
200.95252657545072,72.85621049213667,0.0,tumor
217.7779476713592,72.85621049213667,0.0,tumor
234.60336876726763,72.85621049213667,0.0,tumor
251.42878986317606,72.85621049213667,0.0,tumor
268.2542109590845,72.85621049213667,0.0,tumor
285.079632054993,72.85621049213667,0.0,tumor
108.41271054795423,87.427452590564,0.0,tumor
125.23813164386269,87.427452590564,0.0,tumor
142.06355273977113,87.427452590564,0.0,tumor
158.8889738356796,87.427452590564,0.0,tumor
175.71439493158803,87.427452590564,0.0,tumor
192.5398160274965,87.427452590564,0.0,tumor
209.36523712340494,87.427452590564,0.0,tumor
226.1906582193134,87.427452590564,0.0,tumor
243.01607931522184,87.427452590564,0.0,tumor
259.8415004111303,87.427452590564,0.0,tumor
276.66692150703875,87.427452590564,0.0,tumor
293.49234260294725,87.427452590564,0.0,tumor
116.82542109590845,101.99869468899134,0.0,tumor
133.6508421918169,101.99869468899134,0.0,tumor
150.47626328772537,101.99869468899134,0.0,tumor
167.3016843836338,101.99869468899134,0.0,tumor
184.12710547954225,101.99869468899134,0.0,tumor
200.95252657545072,101.99869468899134,0.0,tumor
217.7779476713592,101.99869468899134,0.0,tumor
234.60336876726763,101.99869468899134,0.0,tumor
251.42878986317606,101.99869468899134,0.0,tumor
268.2542109590845,101.99869468899134,0.0,tumor
285.079632054993,101.99869468899134,0.0,tumor
108.41271054795423,116.56993678741867,0.0,tumor
125.23813164386269,116.56993678741867,0.0,tumor
142.06355273977113,116.56993678741867,0.0,tumor
158.8889738356796,116.56993678741867,0.0,tumor
175.71439493158803,116.56993678741867,0.0,tumor
192.5398160274965,116.56993678741867,0.0,tumor
209.36523712340494,116.56993678741867,0.0,tumor
226.1906582193134,116.56993678741867,0.0,tumor
243.01607931522184,116.56993678741867,0.0,tumor
259.8415004111303,116.56993678741867,0.0,tumor
276.66692150703875,116.56993678741867,0.0,tumor
293.49234260294725,116.56993678741867,0.0,tumor
116.82542109590845,131.141178885846,0.0,tumor
133.6508421918169,131.141178885846,0.0,tumor
150.47626328772537,131.141178885846,0.0,tumor
167.3016843836338,131.141178885846,0.0,tumor
184.12710547954225,131.141178885846,0.0,tumor
200.95252657545072,131.141178885846,0.0,tumor
217.7779476713592,131.141178885846,0.0,tumor
234.60336876726763,131.141178885846,0.0,tumor
251.42878986317606,131.141178885846,0.0,tumor
268.2542109590845,131.141178885846,0.0,tumor
285.079632054993,131.141178885846,0.0,tumor
125.23813164386269,145.71242098427334,0.0,tumor
142.06355273977113,145.71242098427334,0.0,tumor
158.8889738356796,145.71242098427334,0.0,tumor
175.71439493158803,145.71242098427334,0.0,tumor
192.5398160274965,145.71242098427334,0.0,tumor
209.36523712340494,145.71242098427334,0.0,tumor
226.1906582193134,145.71242098427334,0.0,tumor
243.01607931522184,145.71242098427334,0.0,tumor
259.8415004111303,145.71242098427334,0.0,tumor
276.66692150703875,145.71242098427334,0.0,tumor
133.6508421918169,160.28366308270068,0.0,tumor
150.47626328772537,160.28366308270068,0.0,tumor
167.3016843836338,160.28366308270068,0.0,tumor
184.12710547954225,160.28366308270068,0.0,tumor
200.95252657545072,160.28366308270068,0.0,tumor
217.7779476713592,160.28366308270068,0.0,tumor
234.60336876726763,160.28366308270068,0.0,tumor
251.42878986317606,160.28366308270068,0.0,tumor
268.2542109590845,160.28366308270068,0.0,tumor
142.06355273977113,174.854905181128,0.0,tumor
158.8889738356796,174.854905181128,0.0,tumor
175.71439493158803,174.854905181128,0.0,tumor
192.5398160274965,174.854905181128,0.0,tumor
209.36523712340494,174.854905181128,0.0,tumor
226.1906582193134,174.854905181128,0.0,tumor
243.01607931522184,174.854905181128,0.0,tumor
259.8415004111303,174.854905181128,0.0,tumor
167.3016843836338,189.42614727955532,0.0,tumor
184.12710547954225,189.42614727955532,0.0,tumor
200.95252657545072,189.42614727955532,0.0,tumor
217.7779476713592,189.42614727955532,0.0,tumor
234.60336876726763,189.42614727955532,0.0,tumor
-149.52373671227463,-285.4287579015727,0.0,tumor
-132.6983156163662,-285.4287579015727,0.0,tumor
-115.87289452045773,-285.4287579015727,0.0,tumor
-99.04747342454928,-285.4287579015727,0.0,tumor
-82.22205232864083,-285.4287579015727,0.0,tumor
-65.39663123273237,-285.4287579015727,0.0,tumor
-48.571210136823936,-285.4287579015727,0.0,tumor
-157.93644726022887,-270.85751580314536,0.0,tumor
-141.1110261643204,-270.85751580314536,0.0,tumor
-124.28560506841197,-270.85751580314536,0.0,tumor
-107.4601839725035,-270.85751580314536,0.0,tumor
-90.63476287659505,-270.85751580314536,0.0,tumor
-73.8093417806866,-270.85751580314536,0.0,tumor
-56.98392068477815,-270.85751580314536,0.0,tumor
-40.15849958886971,-270.85751580314536,0.0,tumor
-166.3491578081831,-256.286273704718,0.0,tumor
-149.52373671227463,-256.286273704718,0.0,tumor
-132.6983156163662,-256.286273704718,0.0,tumor
-115.87289452045773,-256.286273704718,0.0,tumor
-99.04747342454928,-256.286273704718,0.0,tumor
-82.22205232864083,-256.286273704718,0.0,tumor
-65.39663123273237,-256.286273704718,0.0,tumor
-48.571210136823936,-256.286273704718,0.0,tumor
-31.74578904091547,-256.286273704718,0.0,tumor
-174.7618683561373,-241.71503160629067,0.0,tumor
-157.93644726022887,-241.71503160629067,0.0,tumor
-141.1110261643204,-241.71503160629067,0.0,tumor
-124.28560506841197,-241.71503160629067,0.0,tumor
-107.4601839725035,-241.71503160629067,0.0,tumor
-90.63476287659505,-241.71503160629067,0.0,tumor
-73.8093417806866,-241.71503160629067,0.0,tumor
-56.98392068477815,-241.71503160629067,0.0,tumor
-40.15849958886971,-241.71503160629067,0.0,tumor
-23.333078492961235,-241.71503160629067,0.0,tumor
-183.17457890409156,-227.14378950786335,0.0,tumor
-166.3491578081831,-227.14378950786335,0.0,tumor
-149.52373671227463,-227.14378950786335,0.0,tumor
-132.6983156163662,-227.14378950786335,0.0,tumor
-115.87289452045773,-227.14378950786335,0.0,tumor
-99.04747342454928,-227.14378950786335,0.0,tumor
-82.22205232864083,-227.14378950786335,0.0,tumor
-65.39663123273237,-227.14378950786335,0.0,tumor
-48.571210136823936,-227.14378950786335,0.0,tumor
-31.74578904091547,-227.14378950786335,0.0,tumor
-14.920367945007001,-227.14378950786335,0.0,tumor
-191.58728945204575,-212.572547409436,0.0,tumor
-174.7618683561373,-212.572547409436,0.0,tumor
-157.93644726022887,-212.572547409436,0.0,tumor
-141.1110261643204,-212.572547409436,0.0,tumor
-124.28560506841197,-212.572547409436,0.0,tumor
-107.4601839725035,-212.572547409436,0.0,tumor
-90.63476287659505,-212.572547409436,0.0,tumor
-73.8093417806866,-212.572547409436,0.0,tumor
-56.98392068477815,-212.572547409436,0.0,tumor
-40.15849958886971,-212.572547409436,0.0,tumor
-23.333078492961235,-212.572547409436,0.0,tumor
-6.507657397052768,-212.572547409436,0.0,tumor
-183.17457890409156,-198.00130531100865,0.0,tumor
-166.3491578081831,-198.00130531100865,0.0,tumor
-149.52373671227463,-198.00130531100865,0.0,tumor
-132.6983156163662,-198.00130531100865,0.0,tumor
-115.87289452045773,-198.00130531100865,0.0,tumor
-99.04747342454928,-198.00130531100865,0.0,tumor
-82.22205232864083,-198.00130531100865,0.0,tumor
-65.39663123273237,-198.00130531100865,0.0,tumor
-48.571210136823936,-198.00130531100865,0.0,tumor
-31.74578904091547,-198.00130531100865,0.0,tumor
-14.920367945007001,-198.00130531100865,0.0,tumor
-191.58728945204575,-183.43006321258133,0.0,tumor
-174.7618683561373,-183.43006321258133,0.0,tumor
-157.93644726022887,-183.43006321258133,0.0,tumor
-141.1110261643204,-183.43006321258133,0.0,tumor
-124.28560506841197,-183.43006321258133,0.0,tumor
-107.4601839725035,-183.43006321258133,0.0,tumor
-90.63476287659505,-183.43006321258133,0.0,tumor
-73.8093417806866,-183.43006321258133,0.0,tumor
-56.98392068477815,-183.43006321258133,0.0,tumor
-40.15849958886971,-183.43006321258133,0.0,tumor
-23.333078492961235,-183.43006321258133,0.0,tumor
-6.507657397052768,-183.43006321258133,0.0,tumor
-183.17457890409156,-168.858821114154,0.0,tumor
-166.3491578081831,-168.858821114154,0.0,tumor
-149.52373671227463,-168.858821114154,0.0,tumor
-132.6983156163662,-168.858821114154,0.0,tumor
-115.87289452045773,-168.858821114154,0.0,tumor
-99.04747342454928,-168.858821114154,0.0,tumor
-82.22205232864083,-168.858821114154,0.0,tumor
-65.39663123273237,-168.858821114154,0.0,tumor
-48.571210136823936,-168.858821114154,0.0,tumor
-31.74578904091547,-168.858821114154,0.0,tumor
-14.920367945007001,-168.858821114154,0.0,tumor
-174.7618683561373,-154.28757901572666,0.0,tumor
-157.93644726022887,-154.28757901572666,0.0,tumor
-141.1110261643204,-154.28757901572666,0.0,tumor
-124.28560506841197,-154.28757901572666,0.0,tumor
-107.4601839725035,-154.28757901572666,0.0,tumor
-90.63476287659505,-154.28757901572666,0.0,tumor
-73.8093417806866,-154.28757901572666,0.0,tumor
-56.98392068477815,-154.28757901572666,0.0,tumor
-40.15849958886971,-154.28757901572666,0.0,tumor
-23.333078492961235,-154.28757901572666,0.0,tumor
-166.3491578081831,-139.71633691729932,0.0,tumor
-149.52373671227463,-139.71633691729932,0.0,tumor
-132.6983156163662,-139.71633691729932,0.0,tumor
-115.87289452045773,-139.71633691729932,0.0,tumor
-99.04747342454928,-139.71633691729932,0.0,tumor
-82.22205232864083,-139.71633691729932,0.0,tumor
-65.39663123273237,-139.71633691729932,0.0,tumor
-48.571210136823936,-139.71633691729932,0.0,tumor
-31.74578904091547,-139.71633691729932,0.0,tumor
-157.93644726022887,-125.145094818872,0.0,tumor
-141.1110261643204,-125.145094818872,0.0,tumor
-124.28560506841197,-125.145094818872,0.0,tumor
-107.4601839725035,-125.145094818872,0.0,tumor
-90.63476287659505,-125.145094818872,0.0,tumor
-73.8093417806866,-125.145094818872,0.0,tumor
-56.98392068477815,-125.145094818872,0.0,tumor
-40.15849958886971,-125.145094818872,0.0,tumor
-132.6983156163662,-110.57385272044468,0.0,tumor
-115.87289452045773,-110.57385272044468,0.0,tumor
-99.04747342454928,-110.57385272044468,0.0,tumor
-82.22205232864083,-110.57385272044468,0.0,tumor
-65.39663123273237,-110.57385272044468,0.0,tumor
-483.0622760431791,119.79977405976678,0.0,fibroblasts
-320.0842028895218,219.2611037328481,0.0,fibroblasts
-480.41655649838845,-17.885197603397707,0.0,fibroblasts
-345.14115849453117,155.88350274090226,0.0,fibroblasts
-439.6000966385615,47.62102901229286,0.0,fibroblasts
-499.15327758273867,106.63180120921852,0.0,fibroblasts
-364.2188750664407,-172.6780285920246,0.0,fibroblasts
-457.02869387313905,222.68141767568602,0.0,fibroblasts
-456.3892921055402,208.48593580291433,0.0,fibroblasts
-461.01079220362345,39.954637700257024,0.0,fibroblasts
-451.3707855215305,1.9393073369131653,0.0,fibroblasts
-402.39462652704833,-282.44227125181965,0.0,fibroblasts
-337.43180877386476,-122.2096572638497,0.0,fibroblasts
-397.7435488294653,-173.13512471637193,0.0,fibroblasts
-442.9673363355148,-273.9124400669568,0.0,fibroblasts
-380.13554231025944,91.92463480531092,0.0,fibroblasts
-338.4579220179165,26.336471117447992,0.0,fibroblasts
-371.67155965074227,243.55983720311394,0.0,fibroblasts
-479.86557803566365,-6.041354684786948,0.0,fibroblasts
-343.54093610665365,-203.71998134869122,0.0,fibroblasts
-428.72212092051507,-14.766274362228483,0.0,fibroblasts
-377.93489403782513,257.733527294075,0.0,fibroblasts
-324.19595789887836,-93.77940747249004,0.0,fibroblasts
-464.5602577058412,-91.01566308873996,0.0,fibroblasts
-496.56389752668,39.21519707692719,0.0,fibroblasts
-420.6817893133396,-93.65692097073882,0.0,fibroblasts
-423.2224690901343,80.74847129748875,0.0,fibroblasts
-437.02321856845765,-269.0985868093233,0.0,fibroblasts
-437.6676440429462,18.7293981833341,0.0,fibroblasts
-368.30573782327184,-262.64659511876897,0.0,fibroblasts
-476.46509503848733,207.09685407021868,0.0,tcells
-349.94206825691685,-153.17112261855107,0.0,tcells
-486.14180460955174,285.7160257196174,0.0,tcells
-481.19462346378833,-93.87586440864678,0.0,tcells
-474.1977729513986,-75.69442084054589,0.0,tcells
-328.25350093880877,254.72940598760283,0.0,tcells
-454.8909631640072,216.11519957593373,0.0,tcells
-317.12910161819934,-212.81664654731586,0.0,tcells
-469.70241660042996,263.783866847102,0.0,tcells
-311.3619638039858,288.42498589261487,0.0,tcells
-375.1208211260823,-89.48173627023682,0.0,tcells
-398.9284702304641,-292.7336455646798,0.0,tcells
-347.9456162695142,263.9743880181043,0.0,tcells
-301.7260459089614,22.0092202378808,0.0,tcells
-357.7807766119322,-58.71379202989472,0.0,tcells
-354.19713834161314,225.63429980909245,0.0,tcells
-499.5734452051323,276.2074202335859,0.0,tcells
-358.1304856672316,0.06811146547666125,0.0,tcells
-416.78145956460287,20.281424841714944,0.0,tcells
-388.0859328003952,-104.64957223758904,0.0,tcells
-411.0603598873161,298.29909080571446,0.0,tcells
-396.10421536515355,240.72053533539727,0.0,tcells
-450.889407006988,-259.81070251372694,0.0,tcells
-301.1159458696337,296.06878361648927,0.0,tcells
-499.2135639478583,-29.210068137366328,0.0,tcells
-359.6519030973,245.66078115614147,0.0,tcells
-369.2180849973881,70.07020832058329,0.0,tcells
-429.13610728377444,113.06006410415655,0.0,tcells
-366.98440496843955,286.0208638146285,0.0,tcells
-367.9598713859785,234.94842927710914,0.0,tcells
407.0535637592957,-57.038629895611706,0.0,tcells
495.54481914380676,257.89360360578195,0.0,tcells
451.1780456569481,-280.438655247835,0.0,tcells
380.07803141629233,86.69055747631755,0.0,tcells
384.0120236633559,-50.269961791351946,0.0,tcells
326.05307667612726,-46.73197817405105,0.0,tcells
441.35165302899594,82.19642984099154,0.0,tcells
404.31001089483243,117.66533803006205,0.0,tcells
389.1317460625308,-114.48494973274049,0.0,tcells
380.79839152599635,281.4192418704394,0.0,tcells
319.17317887837214,100.43671256720374,0.0,tcells
414.8506781643681,-244.31517620072444,0.0,tcells
423.7483305169384,192.83852115189273,0.0,tcells
482.39976518799784,140.7122242554462,0.0,tcells
488.36839676879896,205.1610374727096,0.0,tcells
405.5740853587442,-72.24114482195198,0.0,tcells
429.79772354958436,273.2478794058946,0.0,tcells
430.76790894779487,-48.508365982196054,0.0,tcells
345.3322735102688,-166.1979766509393,0.0,tcells
491.64891511155145,111.62467648886877,0.0,tcells
326.20722310011996,-264.26854816342575,0.0,tcells
422.6978539471521,-275.76240931611756,0.0,tcells
355.5147567172459,105.49496170257162,0.0,tcells
318.8193281649114,130.108299396114,0.0,tcells
305.9007677425563,-222.48818623556667,0.0,tcells
405.1263459175998,202.12686893522692,0.0,tcells
463.47441411040296,224.8108309934871,0.0,tcells
474.86087085818326,64.80943211792166,0.0,tcells
357.2894954639657,269.38656485550575,0.0,tcells
444.67264687026403,61.7940107630885,0.0,tcells
375.76463048632377,-251.72990963988346,0.0,fibroblasts
339.9748589900417,-230.92398685712615,0.0,fibroblasts
464.84645569002373,269.2191954964759,0.0,fibroblasts
340.2687621669288,142.03069781250642,0.0,fibroblasts
391.18655690233084,-254.2642899164209,0.0,fibroblasts
470.6604128994218,-190.5970040124963,0.0,fibroblasts
432.206753519573,-257.38047419919866,0.0,fibroblasts
328.0754799424168,-158.2763919816497,0.0,fibroblasts
387.8697001994466,159.7412723651692,0.0,fibroblasts
437.9737404821649,-290.9456593901354,0.0,fibroblasts
340.82830311076,200.00569556775392,0.0,fibroblasts
452.86566039892756,155.79380779269096,0.0,fibroblasts
408.49662898894667,197.49223185181856,0.0,fibroblasts
365.29976645878,-276.79354188107163,0.0,fibroblasts
396.3287056516933,100.89701828110006,0.0,fibroblasts
325.9336418933374,25.620909048816497,0.0,fibroblasts
376.3390217292493,128.74484758749657,0.0,fibroblasts
376.01800477934097,151.4734353750418,0.0,fibroblasts
388.07895571594264,15.823185648665216,0.0,fibroblasts
443.7899887142912,-78.72251294679057,0.0,fibroblasts
457.7613080637134,-99.72800765230954,0.0,fibroblasts
409.94946688729647,-289.88228932445577,0.0,fibroblasts
329.913430275612,189.2311260517862,0.0,fibroblasts
371.8081644402748,277.392537338591,0.0,fibroblasts
338.9636992181843,-74.92325376880656,0.0,fibroblasts
348.525780624322,4.808446936536937,0.0,fibroblasts
392.0284926812715,-279.7700126117883,0.0,fibroblasts
323.36527868953476,263.95132438244036,0.0,fibroblasts
386.87120279951756,60.53848447573708,0.0,fibroblasts
369.90336803683783,226.93532639667353,0.0,fibroblasts
-20.166926069225987,446.85569945911345,0.0,fibroblasts
65.17656502163277,476.90611331597245,0.0,fibroblasts
17.215654286657276,481.6655243201624,0.0,fibroblasts
-456.61484313963524,482.95658314283685,0.0,fibroblasts
-470.66719639345087,363.6596068000573,0.0,fibroblasts
350.40420900087014,307.0596516150846,0.0,fibroblasts
-31.897278126798934,428.27654570600987,0.0,fibroblasts
-358.8380788967498,362.27982175423614,0.0,fibroblasts
-90.3287706556516,378.12282915891205,0.0,fibroblasts
304.1056883832233,474.23699370897816,0.0,fibroblasts
237.15433243421512,435.47972896563886,0.0,fibroblasts
-442.17171398564375,459.7808013401514,0.0,fibroblasts
-205.365771745506,399.2646955445573,0.0,fibroblasts
184.12505369756656,357.9263437431383,0.0,fibroblasts
-291.0350655621118,313.56337335440264,0.0,fibroblasts
483.3530700092303,391.67769337919276,0.0,fibroblasts
274.8586275816555,487.7749404862625,0.0,fibroblasts
-27.305151606734523,348.73847558968,0.0,fibroblasts
-152.45156219253175,412.9071246930881,0.0,fibroblasts
113.74080184676998,433.2729476510379,0.0,fibroblasts
-242.61522788267808,489.11400917935094,0.0,fibroblasts
-25.087675159987,472.0456741462756,0.0,fibroblasts
10.923355993100902,386.556657263045,0.0,fibroblasts
13.553326168116552,398.94867754583464,0.0,fibroblasts
267.77123654889914,438.9208618623439,0.0,fibroblasts
307.534877007349,303.79415010586484,0.0,fibroblasts
479.435936595205,457.9829576047725,0.0,fibroblasts
499.3964679078273,457.8541818203531,0.0,fibroblasts
255.23006567322065,431.6457130874416,0.0,fibroblasts
-472.35369083624084,457.08539362787616,0.0,fibroblasts
-474.1847763944595,416.1447686032921,0.0,fibroblasts
128.81599938176458,469.29089110247673,0.0,fibroblasts
269.1100509342376,359.43547405527625,0.0,fibroblasts
-249.1665141471186,377.27389464403376,0.0,fibroblasts
-495.14258529247064,362.9026287407831,0.0,fibroblasts
173.47947518879292,478.17798259287264,0.0,fibroblasts
-171.03471732877767,376.17103294469086,0.0,fibroblasts
4.54351747560816,348.8906178527602,0.0,fibroblasts
-431.71578889469225,456.9206463129428,0.0,fibroblasts
-186.02178390610368,445.7900295127071,0.0,fibroblasts
483.36711376755403,375.2368356928561,0.0,fibroblasts
-221.719551418022,452.6094013251542,0.0,fibroblasts
-25.828678557320515,438.6287705145545,0.0,fibroblasts
160.36679115578562,430.9469549088601,0.0,fibroblasts
288.27249497557,375.8398723564237,0.0,fibroblasts
-44.28916981832204,393.59052889638247,0.0,fibroblasts
420.81100377138705,484.3812863658306,0.0,fibroblasts
476.6535837911863,419.9093419935926,0.0,fibroblasts
-62.821746206156995,423.87517710860243,0.0,fibroblasts
-108.72646610861797,439.09174268411624,0.0,fibroblasts
-120.82946040959258,431.69041377206247,0.0,tcells
-429.161469439429,364.03244387769325,0.0,tcells
350.78263280147115,440.91825874584885,0.0,tcells
-152.0473179856419,370.6083239495066,0.0,tcells
-493.68423615610004,466.2317913539582,0.0,tcells
375.8990817934665,372.53341302120947,0.0,tcells
-444.5003054073329,336.8277581673416,0.0,tcells
246.00086471604138,418.1763597761194,0.0,tcells
231.9927087201904,492.7745733075407,0.0,tcells
387.93862723484654,323.2235382285662,0.0,tcells
-288.67670060983386,354.1636520573694,0.0,tcells
-40.7236064455796,429.26550976674076,0.0,tcells
-397.5057684642352,410.4313087351882,0.0,tcells
-233.63049800375128,464.9556006756962,0.0,tcells
-37.63935832583682,404.9308987109825,0.0,tcells
192.52902785948083,338.9623940218308,0.0,tcells
367.9602031869744,463.91078469947064,0.0,tcells
139.56523538713483,397.5355595363677,0.0,tcells
-487.2196553192377,393.4723242433536,0.0,tcells
-64.1749633073474,301.7517419398752,0.0,tcells
181.1467450001024,329.8500898534834,0.0,tcells
234.51246985894176,335.89138964178403,0.0,tcells
486.2841178248684,447.7867354913136,0.0,tcells
-357.6611552645678,431.5668481164066,0.0,tcells
298.84116776172954,310.9167851710366,0.0,tcells
335.38251272151786,375.5344945395287,0.0,tcells
-121.58999013211297,380.7506849364173,0.0,tcells
-380.0174509015869,484.37287927102574,0.0,tcells
-45.67662136177791,341.7564923111704,0.0,tcells
28.501193775966993,315.9651822411492,0.0,tcells
-409.74784269302614,434.9614398807722,0.0,tcells
367.614259050798,341.9244000944341,0.0,tcells
176.24052347167557,412.9857013417881,0.0,tcells
-314.1735587747222,410.5650345448931,0.0,tcells
-390.73104437735464,316.55417471439034,0.0,tcells
-143.06752122915717,368.5837936163028,0.0,tcells
-83.25177352475754,382.4109716581338,0.0,tcells
-105.85718607398542,475.8976831854031,0.0,tcells
322.9639465115197,415.67604286516394,0.0,tcells
-154.73128822309118,440.54716763304185,0.0,tcells
177.27410441430368,374.76772557362546,0.0,tcells
-51.73753182329233,309.30144815617564,0.0,tcells
472.8575542205122,369.84131301264483,0.0,tcells
71.93398317166488,442.2943543741558,0.0,tcells
321.7144747586654,409.7610038108992,0.0,tcells
-177.03228117754705,346.2724326331962,0.0,tcells
-133.0506842686543,445.5566781990109,0.0,tcells
-495.8121714806141,469.17776391419824,0.0,tcells
-343.33930586206475,479.8555838130599,0.0,tcells
-191.41669738421763,356.98572679031736,0.0,tcells
-468.0882820832526,-417.4781284874934,0.0,tcells
33.642306460757275,-308.77917632184744,0.0,tcells
359.69407778741015,-362.46786542269865,0.0,tcells
-117.51564940595932,-440.519714257533,0.0,tcells
454.78221369015057,-318.0322997219541,0.0,tcells
331.42989381733287,-491.5814348190744,0.0,tcells
488.71909210200613,-416.3728957879171,0.0,tcells
407.9778947076033,-391.1603032853242,0.0,tcells
-208.08047320307887,-301.38232027163053,0.0,tcells
28.312778688779016,-341.9231416385578,0.0,tcells
-222.9433099299039,-473.1872737286501,0.0,tcells
-35.34830409218309,-346.52005337188075,0.0,tcells
-216.03364253330886,-459.5414801620108,0.0,tcells
-315.0093403094137,-385.5687956312519,0.0,tcells
-118.23745611934727,-326.39645995739346,0.0,tcells
479.8728607309846,-486.37896229650033,0.0,tcells
4.309501295890139,-341.33982625954394,0.0,tcells
211.34330982871285,-444.2693701967436,0.0,tcells
-294.2156202267262,-376.32795241461673,0.0,tcells
129.1502145637961,-466.9268291750835,0.0,tcells
313.40131503242196,-300.4354823325651,0.0,tcells
-458.3780015593734,-445.11300697978413,0.0,tcells
96.15788639217526,-375.4181412977425,0.0,tcells
-266.5276450473556,-454.29404444893277,0.0,tcells
311.47702209169086,-322.20150284290634,0.0,tcells
463.29269160919057,-441.8923624792919,0.0,tcells
-333.20365234745947,-341.41916057847556,0.0,tcells
324.01515902760707,-328.2438617351464,0.0,tcells
-446.23454697600584,-366.9085234219805,0.0,tcells
366.30634962019934,-421.2081237477378,0.0,tcells
117.1625328252634,-312.06069431928046,0.0,tcells
3.5459063871854934,-482.54398957486285,0.0,tcells
-308.1453741770723,-337.74530095377185,0.0,tcells
-405.4675963363053,-305.2847063993645,0.0,tcells
448.76616326104204,-408.7416807871084,0.0,tcells
-100.45566984276122,-485.0132734685037,0.0,tcells
74.95462662356984,-457.579247112231,0.0,tcells
-22.294046367071996,-398.5985482473943,0.0,tcells
-411.32873424021363,-345.7984701520274,0.0,tcells
342.2176805346537,-476.5148849861264,0.0,tcells
-86.19318105258311,-461.3116239069242,0.0,tcells
-36.4492259358275,-425.319890701281,0.0,tcells
-250.93476551225186,-324.65243945535195,0.0,tcells
-44.73656140519361,-314.6715201432798,0.0,tcells
131.34773850096764,-412.89025850734987,0.0,tcells
-178.0336495595724,-423.36904488253634,0.0,tcells
-436.8390172803744,-313.34043114044965,0.0,tcells
80.43014674254894,-475.88681344179497,0.0,tcells
-468.08152077549823,-495.0279223611407,0.0,tcells
-246.49135522904453,-350.96875105901717,0.0,tcells
166.64992993526252,-342.7227490262891,0.0,fibroblasts
167.0227742099798,-376.1154839596393,0.0,fibroblasts
230.3363958274966,-396.4840749728806,0.0,fibroblasts
-178.27946058844435,-303.4482081765234,0.0,fibroblasts
228.88230635206708,-420.5988184188473,0.0,fibroblasts
387.9325326013934,-343.6262898554601,0.0,fibroblasts
426.2713224377502,-312.5601968291669,0.0,fibroblasts
452.95583561732377,-382.1480210727401,0.0,fibroblasts
471.8831911060072,-437.6259329330422,0.0,fibroblasts
351.1993605402993,-498.9125319108733,0.0,fibroblasts
56.82301934835971,-300.0539318940327,0.0,fibroblasts
-150.03354145271996,-371.5325261153536,0.0,fibroblasts
-38.74181327774134,-389.7667820465937,0.0,fibroblasts
-400.91294993775756,-363.8333916804957,0.0,fibroblasts
-84.05904879886256,-448.7374807921245,0.0,fibroblasts
-270.1086333893093,-393.70925239819763,0.0,fibroblasts
-361.6651519969816,-316.3921099204719,0.0,fibroblasts
186.15354928652388,-351.1049073561548,0.0,fibroblasts
71.09068819367582,-337.41588050176244,0.0,fibroblasts
-263.50381229076686,-417.08137063062105,0.0,fibroblasts
-105.05888797010726,-302.9883113581568,0.0,fibroblasts
-148.607056922548,-385.43713532945765,0.0,fibroblasts
-468.74058619955235,-415.5851536551443,0.0,fibroblasts
36.261158477240706,-440.2526355490142,0.0,fibroblasts
473.92828362683036,-366.27875095937145,0.0,fibroblasts
61.65924553764612,-364.92902120079157,0.0,fibroblasts
183.27559368961312,-384.8589556063915,0.0,fibroblasts
183.36095429689954,-337.1793402906956,0.0,fibroblasts
-195.11927479199753,-491.1341816216409,0.0,fibroblasts
421.5724325148727,-465.07243843338006,0.0,fibroblasts
-47.42459662657805,-474.05095212183187,0.0,fibroblasts
398.7102769708322,-408.6135771549036,0.0,fibroblasts
9.040546102842717,-345.01230788437897,0.0,fibroblasts
-107.73145363786502,-314.8462828102074,0.0,fibroblasts
-250.43830294479957,-409.7376729108004,0.0,fibroblasts
464.1862759903959,-345.05881679390353,0.0,fibroblasts
182.28321375993224,-419.494276897016,0.0,fibroblasts
-356.8036831317358,-343.1187263566127,0.0,fibroblasts
-226.10755005085903,-361.0565319922327,0.0,fibroblasts
-440.6253408409449,-391.6742341949368,0.0,fibroblasts
-221.32742413021654,-322.2090593251463,0.0,fibroblasts
183.67025763863998,-480.8799444501151,0.0,fibroblasts
-134.7197231518275,-306.6586872976545,0.0,fibroblasts
-14.649721551709183,-450.9508873224202,0.0,fibroblasts
96.6696168060261,-440.8699562270934,0.0,fibroblasts
358.5907235233788,-450.87059842162665,0.0,fibroblasts
94.96737183051002,-371.37201378880593,0.0,fibroblasts
-412.2585348999646,-392.691490897385,0.0,fibroblasts
-354.86854240051014,-348.1794267817479,0.0,fibroblasts
-484.2095652502039,-445.82048052522157,0.0,fibroblasts
232.86278883374877,-353.01956785513187,0.0,fibroblasts
82.13522472796403,-483.0202884345762,0.0,fibroblasts
-456.10378562459107,-396.0582414879637,0.0,fibroblasts
-444.91819704415536,-453.0052339212381,0.0,fibroblasts
314.2519500417839,-474.26359896816905,0.0,fibroblasts
206.83276179160347,-469.3400853429044,0.0,fibroblasts
164.76520688699836,-314.3049870130612,0.0,fibroblasts
436.680558920719,-311.14007195628477,0.0,fibroblasts
-470.3450938616159,-364.7769024929255,0.0,fibroblasts
212.3970906657059,-308.4583798533297,0.0,fibroblasts
-232.63876563796165,-373.7725678185015,0.0,fibroblasts
-383.4244489088866,-340.91954664820844,0.0,fibroblasts
-257.5961130691068,-456.2144753827585,0.0,fibroblasts
264.7668075112287,-397.8963097539531,0.0,fibroblasts
-269.5968970636572,-448.42131393476416,0.0,fibroblasts
-498.42464214072,-367.97012575032574,0.0,fibroblasts
-202.85721209047387,-365.2711525694302,0.0,fibroblasts
-134.0235936893189,-405.53598169384094,0.0,fibroblasts
-383.1756402786951,-482.38963816246644,0.0,fibroblasts
-462.3293047911234,-411.7064412981863,0.0,fibroblasts
-241.24653026383146,-401.00469810548316,0.0,fibroblasts
-191.8045201775792,-328.53039109933775,0.0,fibroblasts
108.84989942861623,-413.063438155736,0.0,fibroblasts
390.23556919007746,-391.99365974710344,0.0,fibroblasts
403.81293478148757,-491.5138820404896,0.0,fibroblasts
391.42430899332874,-479.90821457719545,0.0,fibroblasts
-363.58140487006926,-415.5692597755933,0.0,fibroblasts
-93.45364822505908,-300.14391934143714,0.0,fibroblasts
420.80772987890765,-490.163122948636,0.0,fibroblasts
125.17936478542774,-488.8272196511506,0.0,fibroblasts
402.4834169408427,-426.85989329145974,0.0,fibroblasts
-251.39172092334027,-355.7933786881925,0.0,fibroblasts
-4.247789303604755,-471.30142918617406,0.0,fibroblasts
-477.5875802390662,-367.6475386262962,0.0,fibroblasts
178.09697173068972,-456.01159830093485,0.0,fibroblasts
-2.9323639435806514,-311.87419322369885,0.0,fibroblasts
-135.34180215086556,-343.10785941552837,0.0,fibroblasts
-43.30988042734701,-441.0303721872662,0.0,fibroblasts
395.25680376682385,-369.83377583688514,0.0,fibroblasts
-136.1576985905414,-374.8001778355928,0.0,fibroblasts
-298.19679984623076,-319.28929796804874,0.0,fibroblasts
268.4295732513092,-430.8352121676199,0.0,fibroblasts
18.170374158121227,-327.150606615256,0.0,fibroblasts
-362.7340842250814,-359.3633594722539,0.0,fibroblasts
-85.83909752160845,-469.2878427696652,0.0,fibroblasts
69.19879298406228,-452.46723066856225,0.0,fibroblasts
-293.68493428778845,-355.01960092955716,0.0,fibroblasts
447.37378541565056,-358.94013027617336,0.0,fibroblasts
-429.4902735611101,-313.5005023792224,0.0,fibroblasts
208.98425400694353,-367.9432413983501,0.0,fibroblasts
-220.92685404553197,474.64521288571143,0.0,fibroblasts
372.22108391877686,413.0317988091291,0.0,fibroblasts
31.626704449339794,485.87449685295803,0.0,fibroblasts
-263.7898112126752,376.68124455783834,0.0,fibroblasts
-8.062323186107445,435.17098179588083,0.0,fibroblasts
-108.89040088378427,319.6787876755907,0.0,fibroblasts
-177.76489857600382,370.5298630114472,0.0,fibroblasts
151.3838038087125,481.7963494349153,0.0,fibroblasts
-451.6368111194571,423.2078577866165,0.0,fibroblasts
-207.5535884274663,443.778147729962,0.0,fibroblasts
-37.76354301294344,357.23309141758307,0.0,fibroblasts
44.85045950742289,319.273835067375,0.0,fibroblasts
-172.29829786348589,456.3164388453955,0.0,fibroblasts
469.2238202052038,411.324345163982,0.0,fibroblasts
497.28212834226235,392.5925092789552,0.0,fibroblasts
278.9395917889428,408.64575071201523,0.0,fibroblasts
-286.1575928150383,371.31533543528,0.0,fibroblasts
142.5932980050239,309.42432093635523,0.0,fibroblasts
-164.12754463866852,487.0024925520166,0.0,fibroblasts
143.62884743853382,354.65837693757317,0.0,fibroblasts
240.9500835549887,368.40641776143633,0.0,fibroblasts
-402.54668839976307,344.94546993800043,0.0,fibroblasts
158.45650690927215,428.55796162386366,0.0,fibroblasts
263.4085830252067,411.05431663085807,0.0,fibroblasts
399.84593100139557,357.3681706009299,0.0,fibroblasts
-26.03620311063487,479.5544391926648,0.0,fibroblasts
466.2519765486913,329.02149497760274,0.0,fibroblasts
-482.8852219421436,481.1104566305318,0.0,fibroblasts
-202.5005492937742,391.09902651039914,0.0,fibroblasts
-78.26460670787061,461.9121400046696,0.0,fibroblasts
-83.4750895172346,408.54084828082654,0.0,fibroblasts
224.4256828260015,392.8264656252575,0.0,fibroblasts
-390.6453237028461,432.7006768496102,0.0,fibroblasts
-316.9447309162209,490.9005588835703,0.0,fibroblasts
-151.68214110708522,417.9651217955342,0.0,fibroblasts
-41.45729069724058,365.9777005548743,0.0,fibroblasts
95.55281134557248,373.441240169264,0.0,fibroblasts
232.7434862198497,306.82685752461754,0.0,fibroblasts
254.99253965674856,490.0760162450732,0.0,fibroblasts
448.11812457306655,399.63436886553507,0.0,fibroblasts
99.78580794796937,464.33697250697605,0.0,fibroblasts
400.9569764180633,351.6933754806697,0.0,fibroblasts
107.67964142730423,417.27573182810875,0.0,fibroblasts
-205.97327430613183,395.1535767524178,0.0,fibroblasts
-19.77875328130657,464.9153964830873,0.0,fibroblasts
46.76006179895475,412.87544373680555,0.0,fibroblasts
383.15203555945004,431.003402401245,0.0,fibroblasts
-23.482211203833646,323.6705088002718,0.0,fibroblasts
-10.060860926537018,352.6226707485577,0.0,fibroblasts
-179.91245031828325,332.26993136643404,0.0,fibroblasts
360.0280449025572,-192.63307050765633,0.0,fibroblasts
363.78183972058486,-141.24492580976943,0.0,fibroblasts
441.33424598711923,-130.81409223557372,0.0,fibroblasts
396.1187052188198,160.9822527791323,0.0,fibroblasts
369.6791806240325,141.21178419478122,0.0,fibroblasts
375.92874143364935,25.013716130627863,0.0,fibroblasts
308.84231127369475,186.45219334142524,0.0,fibroblasts
323.32316436616645,113.04318833226374,0.0,fibroblasts
420.8231808608214,241.7717527600324,0.0,fibroblasts
313.4354963627268,23.560872837839607,0.0,fibroblasts
318.32066304256523,-237.79874302548512,0.0,fibroblasts
498.43219788140414,45.668464175060045,0.0,fibroblasts
341.3232092155409,250.83558466351278,0.0,fibroblasts
333.63752792327006,-118.44218486347683,0.0,fibroblasts
361.69411935789964,-6.102324564653294,0.0,fibroblasts
347.2744850049323,-145.1390689748389,0.0,fibroblasts
375.30345875329374,-273.24726609911886,0.0,fibroblasts
322.14841199383363,180.28715849924916,0.0,fibroblasts
418.2922925962085,129.7311500149509,0.0,fibroblasts
381.7374869746899,-191.22138367835504,0.0,fibroblasts
476.5106591633131,145.25534949677905,0.0,fibroblasts
338.14148509278846,25.738285469846844,0.0,fibroblasts
387.28973862292594,177.74489817047893,0.0,fibroblasts
488.974899029538,60.41973083816622,0.0,fibroblasts
406.6991094395848,73.42352389107818,0.0,fibroblasts
308.17149646200426,57.38321131121912,0.0,fibroblasts
393.4170156636846,-171.56925673768612,0.0,fibroblasts
312.05373064881076,144.5984753198601,0.0,fibroblasts
494.5122448744887,138.2606205808956,0.0,fibroblasts
473.85390394759077,-187.87778239872802,0.0,fibroblasts
-413.25740774844826,-79.44489653349565,0.0,fibroblasts
-421.90591730598834,185.34395837678593,0.0,fibroblasts
-489.0220670554556,246.82807290969959,0.0,fibroblasts
-341.90314133684075,-123.27987148882748,0.0,fibroblasts
-405.196609813118,-137.47599442951437,0.0,fibroblasts
-311.3168460531041,224.917724035063,0.0,fibroblasts
-477.0437802792337,150.4324421093732,0.0,fibroblasts
-477.1224815290404,276.66699544645803,0.0,fibroblasts
-460.50712534377436,-145.92151066085347,0.0,fibroblasts
-454.17603199410155,229.8471304748334,0.0,fibroblasts
-386.4483126439246,-33.78276880476621,0.0,fibroblasts
-359.33634731150295,238.3988677193667,0.0,fibroblasts
-349.0886614812478,183.49670269380422,0.0,fibroblasts
-491.2254561101156,-73.41467910711029,0.0,fibroblasts
-497.2053474623488,-33.00531633826308,0.0,fibroblasts
-355.76062592518065,163.16337634833528,0.0,fibroblasts
-486.880109581782,-130.21466054345422,0.0,fibroblasts
-346.80670224472084,14.11835936308422,0.0,fibroblasts
-318.75863423760995,-274.30213279994507,0.0,fibroblasts
-344.76619865444974,13.16432651062308,0.0,fibroblasts
-380.95865039750896,-0.12046320760196183,0.0,fibroblasts
-361.3763604700911,106.49853474418255,0.0,fibroblasts
-402.3432955367388,262.5026099231911,0.0,fibroblasts
-460.6013831936081,-16.07296788222238,0.0,fibroblasts
-349.59299202515757,-85.05215708128182,0.0,fibroblasts
-407.7993866409409,147.83440375948672,0.0,fibroblasts
-351.2532164536026,191.81592643622938,0.0,fibroblasts
-311.2248475328312,274.1182482019378,0.0,fibroblasts
-403.12135603387475,-157.9784827769368,0.0,fibroblasts
-301.0650485957961,196.47213694435771,0.0,fibroblasts
